,Job Title
0,Data Engineer
1,Senior Data Analyst
2,Energy Engineer
3,Professional Engineer
4,Land Surveyor
5,Industrial Engineering
6,Mechanical Engineer
7,Project Lead
8,Data Scientist
9,Data Analyst
10,Big Data Engineer
11,Zookeeper
12,Zoo Keeper
13,Informatica
14,Computer Architect
15,Quality Assurance
16,Business Intelligence Analyst
17,Systems Administrator
18,Research Assistant
19,Analytics Developer
20,Founder
21,President
22,Analytics Intern
23,Business Analyst Intern
24,Electrical Engineer
25,Science Intern
26,Learning Engineer
27,Work From Home
28,Senior Consultant
29,Senior Associate
30,Associate
31,Research Scientist
32,Aerospace Engineer
33,Quantitative Developer
34,Partner
35,Business Development
36,Classifier
37,Fiscal Analyst
38,Vice President
39,Teaching Assistant
40,Software Engineer
41,Software Engineer Intern
42,Software Development Intern
43,Logistics Intern
44,Student
45,Consulting Intern
46,Web Design Intern
47,Director
48,Graduate Teaching Assistant
49,Graduate Assistant
50,Research Intern
51,Research Analyst
52,Chief Information Officer
53,IT Support Technician
54,Label Printer
55,Technician
56,White Hat Hacker
57,Network Administrator
58,IT Professional
59,Data Modeler
60,Enterprise Manager
61,Business Objects
62,Database Developer
63,Commercial Fisher
64,Business Intelligence Developer
65,Profiler
66,Data Management
67,Management Architect
68,Firmware Engineer
69,Technical Account Manager
70,Engineering Coordinator
71,Electronics Engineer
72,Postdoctoral Research Fellow
73,Research Fellow
74,Lab Manager
75,VP
76,Cognos
77,Python Developer
78,BI Developer
79,DevOps Engineer
80,Telecommunication Engineer
81,Solutions Architect
82,tailer
83,Fundraising Coordinator
84,ETL Developer
85,Senior Analyst
86,Associate Software Engineer
87,Chief Executive Officer
88,Supervisor
89,Board Member
90,System Administrator
91,Repair Technician
92,Note Taker
93,Chief Technology Officer
94,Imager
95,Chief Security Officer
96,CEO Founder
97,Research Associate
98,Test Engineer
99,Software Developer
100,Teaching Fellow
101,Associate Data Scientist
102,Technical Lead
103,Doctor
104,Teacher
105,Fire Fighter
106,Policeman
107,Librarian
108,Chef
109,Bollywood Wife
110,Actor
111,Dishwasher
